{"stats":{"minecraft:picked_up":{"tfc:rock/loose/andesite":4,"minecraft:rotten_flesh":5,"tfc:food/wheat":3,"firmalife:fruit_leaf":1,"tfc:food/cabbage":4,"tfc:seeds/cabbage":3,"tfc:food/rye":4,"tfc:seeds/rye":1},"minecraft:mined":{"tfc:plant/nasturtium":1,"tfc:plant/bluegrass":1,"tfc:plant/switchgrass":5,"tfc:wild_crop/wheat":2,"untamedwilds:block_burrow":1,"tfc:wild_crop/rye":2,"tfc:plant/poppy":4,"tfc:plant/perovskia":1,"tfc:plant/sapphire_tower":1,"tfc:rock/loose/andesite":1,"tfc:groundcover/rotten_flesh":3,"tfc:plant/pistia":1,"tfc:wild_crop/cabbage":3,"tfc:plant/peach_leaves":1,"tfc:plant/butterfly_milkweed":1},"minecraft:custom":{"minecraft:crouch_one_cm":296,"minecraft:time_since_rest":15202,"minecraft:sprint_one_cm":27560,"minecraft:damage_taken":24,"minecraft:walk_one_cm":23556,"minecraft:sneak_time":41,"minecraft:walk_under_water_one_cm":1585,"minecraft:drop":13,"minecraft:jump":141,"minecraft:time_since_death":15202,"minecraft:walk_on_water_one_cm":676,"minecraft:total_world_time":15202,"minecraft:play_time":15202,"minecraft:fly_one_cm":27932,"minecraft:fall_one_cm":3644,"minecraft:horse_one_cm":412},"minecraft:used":{"tfc:food/cabbage":1,"tfc:food/wheat":1,"tfc:rock/loose/andesite":1},"minecraft:dropped":{"minecraft:rotten_flesh":5,"tfc:food/rye":4,"akashictome:tome":1,"waystones:waystone":1,"ftbquests:book":1,"firmalife:fruit_leaf":1}},"DataVersion":2975}