{"stats":{"minecraft:killed":{"untamedwilds:tortoise":1},"minecraft:mined":{"tfc:plant/switchgrass":2,"tfc:plant/ryegrass":3,"tfc:plant/sapphire_tower":1},"minecraft:used":{"waystones:waystone":1},"minecraft:custom":{"minecraft:time_since_rest":4872,"minecraft:damage_taken":157,"minecraft:waystone_activated":1,"minecraft:crouch_one_cm":298,"minecraft:sprint_one_cm":2503,"minecraft:play_time":6006,"minecraft:deaths":1,"minecraft:walk_one_cm":7077,"minecraft:sneak_time":103,"minecraft:mob_kills":1,"minecraft:drop":3,"minecraft:jump":53,"minecraft:damage_dealt":67,"minecraft:leave_game":2,"minecraft:time_since_death":4846,"minecraft:total_world_time":6006,"minecraft:fall_one_cm":896,"minecraft:fly_one_cm":3271},"minecraft:crafted":{"tfc:food/turtle":9},"minecraft:dropped":{"tfc:food/turtle":3},"minecraft:picked_up":{"tfc:food/turtle":6}},"DataVersion":2975}