{"stats":{"minecraft:mined":{"tfc:plant/peach_leaves":1,"tfc:plant/nasturtium":1,"untamedwilds:block_burrow":1,"tfc:plant/poppy":4,"tfc:plant/sapphire_tower":2,"tfc:dirt/sandy_loam":1,"tfc:plant/pistia":1,"tfc:wild_crop/cabbage":3,"tfc:plant/bluegrass":6,"tfc:plant/switchgrass":34,"tfc:wild_crop/wheat":2,"tfc:plant/ryegrass":5,"tfc:wild_crop/rye":2,"tfc:plant/foxglove":2,"tfc:plant/perovskia":1,"tfc:rock/loose/andesite":6,"tfc:groundcover/rotten_flesh":3,"tfc:plant/scutch_grass":3,"tfc:pumpkin":1,"tfc:plant/butterfly_milkweed":1},"minecraft:used":{"tfc:rock/loose/andesite":6,"tfc:wood/log/ash":1,"tfc:food/cabbage":2,"tfc:stone/axe/igneous_extrusive":2,"tfc:dirt/sandy_loam":1,"tfc:food/wheat":2},"minecraft:custom":{"minecraft:time_since_rest":9963,"minecraft:sprint_one_cm":69839,"minecraft:damage_taken":179,"minecraft:walk_one_cm":46173,"minecraft:drop":15,"minecraft:swim_one_cm":1592,"minecraft:talked_to_villager":2,"minecraft:fly_one_cm":76513,"minecraft:crouch_one_cm":377,"minecraft:play_time":29066,"minecraft:deaths":1,"minecraft:sneak_time":64,"minecraft:walk_under_water_one_cm":1815,"minecraft:jump":360,"minecraft:leave_game":2,"minecraft:walk_on_water_one_cm":1301,"minecraft:time_since_death":9937,"minecraft:total_world_time":29066,"minecraft:fall_one_cm":14233,"minecraft:horse_one_cm":412},"minecraft:crafted":{"minecraft:stick":2,"tfc:stone/axe/igneous_extrusive":1},"minecraft:dropped":{"akashictome:tome":1,"minecraft:rotten_flesh":5,"tfc:food/rye":4,"waystones:waystone":1,"ftbquests:book":1,"tfc:wood/twig/ash":2,"firmalife:fruit_leaf":1,"minecraft:stick":2},"minecraft:picked_up":{"minecraft:stick":33,"dttfc:ash_seed":5,"tfc:food/wheat":3,"tfc:wood/log/ash":16,"tfc:food/rye":4,"tfc:seeds/rye":1,"tfc:rock/loose/andesite":14,"tfc:dirt/sandy_loam":1,"minecraft:rotten_flesh":5,"tfc:pumpkin":1,"firmalife:fruit_leaf":1,"tfc:food/cabbage":4,"tfc:seeds/cabbage":3,"tfc:wood/support/ash":2}},"DataVersion":2975}